site_id,project,pattern,source_file,lock_line,unlock_lines,function,mutex_var,ground_truth,technical_justification
s279,librdkafka,EMPTY_CS,rdkafka_broker.c,4914,[4915],rd_kafka_broker_thread_main,%31,FP,"Start-barrier handshake: creator thread holds broker lock during setup; child thread locks/unlocks to block until initialization completes."
s1590,linux,EMPTY_CS,mm/vmscan.c,641,[643],free_prealloced_shrinker,%1,TP,"Empty critical section in default build: unregister_memcg_shrinker inlines to NOP; no shared reads/writes under shrinker_rwsem."
s5848,linux,EMPTY_CS,drivers/block/loop.c,794,[795],loop_change_fd,%1,FP,"Temporal drain barrier: explicit lock/unlock of loop_validate_mutex flushes in-flight loop_validate_file executions before fput to prevent UAF."
s5851,linux,EMPTY_CS,drivers/block/loop.c,1343,[1344],__loop_clr_fd,%1,FP,"Temporal drain barrier: serializes loop device teardown against concurrent in-flight validations on loop_validate_mutex."
s5859,linux,EMPTY_CS,drivers/block/loop.c,110,[116],loop_global_lock_killable,%1,FP,"Lock acquisition helper error-unwind: lock at line 110 escapes to caller on success; unlock at line 116 only executes on abort when inner mutex acquisition fails."
s6008,linux,EMPTY_CS,drivers/scsi/sg.c,2568,[2592],sg_proc_seq_show_debug,%1,FP,"Shared reader lock: read_lock_irqsave protects global SCSI device registry lookup against concurrent device detaching/unregistration."
s7325,linux,EMPTY_CS,drivers/mailbox/mailbox.c,345,[350],mbox_request_channel,%1,TP,"Premature lock acquisition: con_mutex is acquired before device tree parsing (of_parse_phandle_with_args) and released on parse failure without touching mailbox state."
s7703,linux,EMPTY_CS,net/core/net_namespace.c,625,[626],net_ns_barrier,%1,FP,"Temporal drain barrier: empty lock/unlock of pernet_ops_rwsem drains all concurrent network namespace operations before module unregistration."
s675,postgres,READ_ONLY,pgstat_slru.c,207,[212],pgstat_slru_snapshot_cb,%5,FP,"Shared memory reader lock: LW_SHARED lock protects multi-field stats memcpy against concurrent backend writers to prevent torn reads."
s679,postgres,READ_ONLY,pgstat_wal.c,182,[185],pgstat_wal_snapshot_cb,%5,FP,"Shared memory reader lock: LW_SHARED lock ensures atomic snapshot of shared WAL statistics buffer against concurrent writer processes."
s15,xen,READ_ONLY,include/xen/spinlock.h,243,[1788],domain_soft_reset,%3,TP,"Single-threaded quiesced domain state: reads vcpu paused_for_shutdown flags while all vCPUs are halted and domain is frozen for soft reset."
s68,xen,READ_ONLY,include/xen/spinlock.h,243,[1779],offline_page,@heap_lock,FP,"Physical memory allocator protection: heap_lock protects Xen heap freelist mutation in reserve_heap_page when offlining succeeds."
s84,xen,READ_ONLY,common/rwlock.c,78,[85],queue_write_lock_slowpath,%3,FP,"MCS queued rwlock internal implementation: spinlock coordinates atomic cmpxchg on lock->cnts to serialize queued writers; indispensable concurrency primitive."
s93,xen,READ_ONLY,common/tasklet.c,176,[184],tasklet_kill,@tasklet_lock,FP,"Tasklet termination spin-wait: tasklet_lock provides memory ordering while polling t->is_running, which is concurrently modified on worker CPU during do_tasklet_work."
s144,xen,READ_ONLY,include/xen/spinlock.h,243,[250],cpupool_get_by_id,@cpupool_lock,FP,"Cpupool list protection: spinlock protects global cpupool_list traversal and refcount increment against concurrent cpupool_destroy UAF."
s197,xen,READ_ONLY,common/sched/rt.c,798,[805],rt_deinit_pdata,%3,FP,"RT scheduler state protection: spinlock serializes replenishment timer query and migration (move_repl_timer) against concurrent scheduling runs."
s209,xen,READ_ONLY,common/sched/rt.c,813,[820],rt_move_timers,%3,FP,"RT scheduler state protection: spinlock protects repl_timer inspection and timer migration when CPU moves out of valid cpupool mask."
s55,linux,READ_ONLY,arch/x86/kernel/bootflag.c,62,[70],sbf_read,@rtc_lock,FP,"Hardware I/O port protection: rtc_lock serializes index/data access to CMOS I/O ports 0x70/0x71 (inb/outb invisible to LLVM memory analysis)."
s56,linux,READ_ONLY,arch/x86/kernel/bootflag.c,48,[56],sbf_write,@rtc_lock,FP,"Hardware I/O port protection: rtc_lock serializes CMOS register writes via hardware port outb against concurrent RTC access."
s295,linux,READ_ONLY,kernel/sys.c,1300,[1310],__do_sys_uname,@uts_sem,FP,"Shared UTS namespace reader lock: down_read(uts_sem) prevents torn reads of system identification strings during concurrent sethostname."
s301,linux,READ_ONLY,kernel/sys.c,1354,[1365],__do_sys_sethostname,@uts_sem,FP,"Shared UTS namespace writer lock: down_write(uts_sem) exclusively serializes hostname mutations across processes in the UTS namespace."
s302,linux,READ_ONLY,kernel/sys.c,1407,[1418],__do_sys_setdomainname,@uts_sem,FP,"Shared UTS namespace writer lock: down_write(uts_sem) exclusively serializes domainname modifications across processes."
s307,linux,READ_ONLY,kernel/sys.c,1276,[1285],__do_sys_newuname,@uts_sem,FP,"Shared UTS namespace reader lock: down_read(uts_sem) ensures atomic snapshot of utsname struct against concurrent writers."
s3998,linux,READ_ONLY,drivers/video/console/vgacon.c,153,[160],write_vga,@vga_lock,FP,"Hardware register serialization: raw_spin_lock_irqsave(vga_lock) guarantees atomic 16-bit outw writes to VGA video ports against ISRs."
s69,librdkafka,REDUNDANT,rdavg.h,142,[146],rd_kafka_stats_emit_avg,%3,FP,"Per-metric synchronization: ra_lock serializes metric rollover against concurrent worker threads updating metrics via rd_avg_add without rk_lock."
s271,librdkafka,REDUNDANT,rdkafka_broker.c,3173,[3180],rd_kafka_dr_implicit_ack,%5,TP,"Redundant logging lock: rd_rkb_dbg internally re-acquires rkb_lock while enclosing produce/toppar path already guarantees broker reference and state."
s276,librdkafka,REDUNDANT,rdkafka_broker.c,5526,[5535],rd_kafka_broker_add,%5,TP,"Double lock acquisition: rd_rkb_dbg re-acquires rkb_lock at line 5526 while enclosing function rd_kafka_broker_add already holds rkb_lock since line 5484."
s356,librdkafka,REDUNDANT,rdkafka_broker.c,6353,[6360],rd_kafka_broker_active_toppar_add,%5,TP,"Redundant nested lock: rd_rkb_dbg macro re-locks rkb while broker lock is already held exclusively across active toppar list management."
s374,librdkafka,REDUNDANT,rdkafka_broker.c,5640,[5648],rd_kafka_broker_set_nodename,%5,TP,"Redundant nested lock: rd_rkb_dbg inside rd_kafka_broker_lock/unlock block at line 5638 re-acquires rkb_lock redundantly."
s33,memcached,REDUNDANT,slabs.c,721,[728],slabs_peek_page,@slabs_lock,FP,"Global slab array protection: slabs_lock is NOT held by caller slab_rebalance_start at slabs_mover.c:110; lock is mandatory against concurrent worker allocations."
s161,memcached,REDUNDANT,proto_parser.c,700,[710],process_get_cmd,%1,FP,"Cross-thread stats harvesting: t->stats.mutex protects per-thread stats against concurrent scraping by monitor threads executing threadlocal_stats (thread.c:986)."
s162,memcached,REDUNDANT,proto_parser.c,727,[735],process_get_cmd,%1,FP,"Cross-thread stats harvesting: t->stats.mutex serializes miss counters against concurrent thread.c global stats harvesting."
s166,memcached,REDUNDANT,proto_parser.c,885,[892],process_arithmetic_cmd,%1,FP,"Cross-thread stats harvesting: t->stats.mutex protects arithmetic stats updates from concurrent inspection by management threads."
s167,memcached,REDUNDANT,proto_parser.c,915,[922],process_delete_cmd,%1,FP,"Cross-thread stats harvesting: t->stats.mutex protects delete command statistics counters against concurrent multi-thread stats aggregation."
s4443,linux,REDUNDANT,drivers/tty/serial/serial_core.c,1266,[1275],uart_get_rs485_config,%1,FP,"IRQ-safe spinlock vs process mutex: spin_lock_irqsave(port->lock) is not redundant with port->mutex because port->lock serializes with hardware ISRs where sleepable mutexes cannot be held."
s4446,linux,REDUNDANT,drivers/tty/serial/serial_core.c,1310,[1318],uart_get_iso7816_config,%1,FP,"IRQ-safe spinlock vs process mutex: spin_lock_irqsave(port->lock) provides interrupt-context exclusion that port->mutex cannot provide."
s5330,linux,REDUNDANT,intel_guc_submission.c,601,[610],scrub_guc_desc_for_outstanding_g2h,%3,FP,"Context state drain barrier: explicit lock/unlock of ce->guc_state.lock flushes in-flight context submissions during GPU reset; different from guc->submission_state.lock."
s5704,linux,REDUNDANT,drivers/base/power/qos.c,688,[695],dev_pm_qos_drop_user_request,@dev_pm_qos_mtx,FP,"Asynchronous sysfs interface protection: dev_pm_qos_mtx protects PM QoS requests against concurrent user-space sysfs configuration writes without dpm_list_mtx."
s435,xen,REDUNDANT,include/xen/spinlock.h,243,[255],vmx_pi_desc_fixup,%3,FP,"Multi-CPU migration synchronization: new_lock is the target CPU per-cpu vmx_pi_blocking spinlock; mandatory when moving blocked vCPUs to prevent concurrent list corruption."
s604,xen,REDUNDANT,arch/x86/irq.c,2353,[2360],map_domain_pirq,@irq_lock,FP,"Hardware interrupt descriptor protection: desc->lock synchronizes physical IRQ controller programming against concurrent ISRs across all domains, not covered by d->event_lock."
s12,librdkafka,LOCAL_VARS,rdkafka.c,872,[880],rd_kafka_fatal_error,%1,FP,"Shared fatal error string protection: rd_kafka_rdlock prevents torn reads of rk_fatal.errstr against concurrent threads invoking rd_kafka_set_fatal_error under wrlock."
s14,librdkafka,LOCAL_VARS,rdkafka.c,984,[990],rd_kafka_get_fatal_error,%1,FP,"Shared error buffer read lock: rdlock protects formatting and copying of rk_fatal.errstr against concurrent writer updates."
s24,librdkafka,LOCAL_VARS,rdkafka_int.h,1054,[1060],rd_kafka_destroy_app,%1,FP,"Concurrent background thread termination: wrlock synchronizes instance teardown while the background worker thread is still actively polling queues."
s25,librdkafka,LOCAL_VARS,rdkafka.c,1255,[1262],rd_kafka_destroy_app,%1,FP,"Timer subsystem shutdown synchronization: rd_kafka_wrlock safely serializes rd_kafka_timers_interrupt with background thread timer execution prior to thread kill."
s31,librdkafka,LOCAL_VARS,rdkafka.c,984,[992],rd_kafka_consumer_close_q,%1,TP,"Thread-confined consumer queue purge: queue is strictly private during final consumer close sequence; no concurrent producer or consumer thread can access it."
s16,memcached,LOCAL_VARS,memcached.c,1049,[1051],resp_allocate,%138,FP,"Cross-thread memory statistics accounting: THR_STATS_LOCK protects th->stats.response_obj_bytes against concurrent inspection by monitoring threads."
s18,memcached,LOCAL_VARS,memcached.c,1585,[1590],do_store_item,%1,FP,"Per-thread slab statistics serialization: t->stats.mutex synchronizes cas_hits counter increments against thread.c global stats scraper."
s19,memcached,LOCAL_VARS,memcached.c,1600,[1605],do_store_item,%1,FP,"Per-thread slab statistics serialization: t->stats.mutex prevents data races on cas_hits when multiple threads report statistics."
s20,memcached,LOCAL_VARS,memcached.c,1606,[1612],do_store_item,%1,FP,"Per-thread slab statistics serialization: t->stats.mutex protects cas_badval counter from data races during thread.c multi-thread stats polling."
s21,memcached,LOCAL_VARS,memcached.c,1689,[1695],do_store_item,%1,FP,"Per-thread slab statistics serialization: t->stats.mutex protects cas_misses counter from concurrent inspection by thread.c threadlocal_stats."
s49,linux,LOCAL_VARS,arch/x86/kernel/i8259.c,313,[325],probe_8259A,@i8259A_lock,FP,"Hardware PIC register synchronization: raw_spin_lock_irqsave(i8259A_lock) serializes legacy PIC I/O port inb/outb probing against concurrent interrupts."
s420,linux,LOCAL_VARS,kernel/notifier.c,167,[175],atomic_notifier_chain_unregister,%1,FP,"Shared notifier chain protection: spin_lock_irqsave(nh->lock) protects shared notifier list unregistration against concurrent registrations across drivers."
s421,linux,LOCAL_VARS,kernel/notifier.c,454,[462],srcu_notifier_chain_unregister,%1,FP,"Shared SRCU notifier chain protection: mutex_lock(nh->mutex) serializes notifier list removal on global SRCU chains before synchronize_srcu."
s424,linux,LOCAL_VARS,kernel/notifier.c,264,[272],blocking_notifier_chain_unregister,%1,FP,"Shared blocking notifier chain protection: down_write(nh->rwsem) protects shared notifier list modification against concurrent registrations."
s63,openmpi,LOCAL_VARS,proc/proc.c,440,[450],ompi_proc_get_allocated,@ompi_proc_lock,FP,"Global MPI process registry protection: opal_mutex_lock(ompi_proc_lock) serializes ompi_proc_list traversal against concurrent process additions (MPI_Comm_spawn)."
s65,openmpi,LOCAL_VARS,proc/proc.c,581,[588],ompi_proc_find,@ompi_proc_lock,FP,"Global MPI process registry protection: ompi_proc_lock protects linked list lookup against concurrent modification during dynamic process creation."
s311,openmpi,LOCAL_VARS,pfile_open.c,95,[105],PMPI_File_open,%1,FP,"Framework lazy initialization bootstrap: opal_mutex_lock(ompi_mpi_file_bootstrap_mutex) serializes concurrent multi-threaded MPI I/O framework open."
s74,h2o,LOCAL_VARS,deps/neverbleed/neverbleed.c,710,[713],sign_stub,%union.pthread_mutex_t,FP,"Cryptographic key slots table protection: daemon_vars.keys.lock protects shared slot lookup against concurrent realloc in allocate_slot."
s75,h2o,LOCAL_VARS,deps/neverbleed/neverbleed.c,1101,[1106],digestsign_stub,%union.pthread_mutex_t,FP,"Cryptographic key slots table protection: daemon_vars.keys.lock prevents UAF during concurrent slot reallocation and refcount increment."
s76,h2o,LOCAL_VARS,deps/neverbleed/neverbleed.c,1101,[1106],decrypt_stub,%union.pthread_mutex_t,FP,"Cryptographic key slots table protection: daemon_vars.keys.lock serializes key retrieval across concurrent worker decrypt requests."
